txn_hour,txns,fraud_txns,fraud_pct,fraud_amount
0,9264,110,1.187,357269.11
1,9188,102,1.11,253694.46
2,9134,108,1.182,372938.36
3,9304,103,1.107,323658.86
4,9079,105,1.157,313008.25
5,18441,93,0.504,316608.5
6,27950,146,0.522,711823.76
7,46049,231,0.502,780672.2
8,55747,292,0.524,955610.57
9,55525,283,0.51,904714.93
10,55779,276,0.495,835050.38
11,64953,291,0.448,823114.22
12,64762,332,0.513,840189.43
13,55213,244,0.442,614003.18
14,55533,258,0.465,884042.49
15,55522,253,0.456,745515.12
16,55343,261,0.472,915913.93
17,64966,324,0.499,1031532.17
18,64946,285,0.439,918518.2
19,64417,335,0.52,1055565.42
20,55726,284,0.51,834881.1
21,46416,220,0.474,553813.24
22,28148,133,0.473,402706.74
23,18595,221,1.188,576604.3
