txn_date,txns,fraud_txns,fraud_7d_avg
2025-01-01,2645,14,14.0
2025-01-02,2722,13,13.5
2025-01-03,2800,8,11.67
2025-01-04,2733,9,11.0
2025-01-05,2707,14,11.6
2025-01-06,2677,13,11.83
2025-01-07,2712,16,12.43
2025-01-08,2771,17,12.86
2025-01-09,2708,9,12.29
2025-01-10,2790,11,12.71
2025-01-11,2730,7,12.43
2025-01-12,2774,16,12.71
2025-01-13,2832,11,12.43
2025-01-14,2669,13,12.0
2025-01-15,2798,20,12.43
2025-01-16,2644,18,13.71
2025-01-17,2756,15,14.29
2025-01-18,2695,8,14.43
2025-01-19,2820,18,14.71
2025-01-20,2745,14,15.14
2025-01-21,2775,15,15.43
2025-01-22,2673,15,14.71
2025-01-23,2745,16,14.43
2025-01-24,2709,16,14.57
2025-01-25,2792,21,16.43
2025-01-26,2742,11,15.43
2025-01-27,2703,15,15.57
2025-01-28,2792,13,15.29
2025-01-29,2747,10,14.57
2025-01-30,2741,16,14.57
2025-01-31,2737,14,14.29
2025-02-01,2652,12,13.0
2025-02-02,2791,25,15.0
2025-02-03,2673,12,14.57
2025-02-04,2797,18,15.29
2025-02-05,2710,18,16.43
2025-02-06,2678,15,16.29
2025-02-07,2671,16,16.57
2025-02-08,2676,5,15.57
2025-02-09,2744,11,13.57
2025-02-10,2796,15,14.0
2025-02-11,2761,12,13.14
2025-02-12,2759,14,12.57
2025-02-13,2682,11,12.0
2025-02-14,2729,24,13.14
2025-02-15,2829,22,15.57
2025-02-16,2842,18,16.57
2025-02-17,2750,21,17.43
2025-02-18,2720,10,17.14
2025-02-19,2726,13,17.0
2025-02-20,2766,13,17.29
2025-02-21,2687,9,15.14
2025-02-22,2839,11,13.57
2025-02-23,2684,9,12.29
2025-02-24,2792,23,12.57
2025-02-25,2754,12,12.86
2025-02-26,2787,12,12.71
2025-02-27,2779,9,12.14
2025-02-28,2743,18,13.43
2025-03-01,2721,15,14.0
2025-03-02,2749,12,14.43
2025-03-03,2817,17,13.57
2025-03-04,2839,15,14.0
2025-03-05,2660,17,14.71
2025-03-06,2673,11,15.0
2025-03-07,2749,14,14.43
2025-03-08,2773,14,14.29
2025-03-09,2755,6,13.43
2025-03-10,2696,14,13.0
2025-03-11,2816,20,13.71
2025-03-12,2756,12,13.0
2025-03-13,2721,16,13.71
2025-03-14,2745,12,13.43
2025-03-15,2705,15,13.57
2025-03-16,2738,19,15.43
2025-03-17,2702,19,16.14
2025-03-18,2789,16,15.57
2025-03-19,2671,13,15.71
2025-03-20,2742,12,15.14
2025-03-21,2836,12,15.14
2025-03-22,2728,16,15.29
2025-03-23,2800,11,14.14
2025-03-24,2720,15,13.57
2025-03-25,2633,15,13.43
2025-03-26,2773,18,14.14
2025-03-27,2724,16,14.71
2025-03-28,2718,6,13.86
2025-03-29,2797,13,13.43
2025-03-30,2748,13,13.71
2025-03-31,2752,19,14.29
2025-04-01,2706,20,15.0
2025-04-02,2655,21,15.43
2025-04-03,2706,15,15.29
2025-04-04,2694,16,16.71
2025-04-05,2715,14,16.86
2025-04-06,2796,13,16.86
2025-04-07,2759,20,17.0
2025-04-08,2858,15,16.29
2025-04-09,2780,15,15.43
2025-04-10,2734,15,15.43
2025-04-11,2799,11,14.71
2025-04-12,2844,16,15.0
2025-04-13,2737,15,15.29
2025-04-14,2673,11,14.0
2025-04-15,2746,16,14.14
2025-04-16,2781,7,13.0
2025-04-17,2719,13,12.71
2025-04-18,2723,14,13.14
2025-04-19,2695,10,12.29
2025-04-20,2825,9,11.43
2025-04-21,2713,12,11.57
2025-04-22,2715,16,11.57
2025-04-23,2689,20,13.43
2025-04-24,2716,23,14.86
2025-04-25,2694,14,14.86
2025-04-26,2711,11,15.0
2025-04-27,2730,10,15.14
2025-04-28,2788,11,15.0
2025-04-29,2746,15,14.86
2025-04-30,2785,11,13.57
2025-05-01,2661,17,12.71
2025-05-02,2688,12,12.43
2025-05-03,2799,13,12.71
2025-05-04,2780,15,13.43
2025-05-05,2727,18,14.43
2025-05-06,2799,17,14.71
2025-05-07,2708,17,15.57
2025-05-08,2611,19,15.86
2025-05-09,2757,10,15.57
2025-05-10,2754,15,15.86
2025-05-11,2794,11,15.29
2025-05-12,2802,17,15.14
2025-05-13,2704,14,14.71
2025-05-14,2780,7,13.29
2025-05-15,2736,17,13.0
2025-05-16,2701,20,14.43
2025-05-17,2801,14,14.29
2025-05-18,2712,23,16.0
2025-05-19,2714,13,15.43
2025-05-20,2754,15,15.57
2025-05-21,2820,14,16.57
2025-05-22,2770,15,16.29
2025-05-23,2765,14,15.43
2025-05-24,2723,10,14.86
2025-05-25,2705,16,13.86
2025-05-26,2701,13,13.86
2025-05-27,2719,10,13.14
2025-05-28,2700,12,12.86
2025-05-29,2794,9,12.0
2025-05-30,2789,15,12.14
2025-05-31,2840,15,12.86
2025-06-01,2775,8,11.71
2025-06-02,2783,14,11.86
2025-06-03,2769,13,12.29
2025-06-04,2743,16,12.86
2025-06-05,2757,17,14.0
2025-06-06,2827,21,14.86
2025-06-07,2720,13,14.57
2025-06-08,2683,17,15.86
2025-06-09,2777,17,16.29
2025-06-10,2819,21,17.43
2025-06-11,2664,13,17.0
2025-06-12,2785,11,16.14
2025-06-13,2708,9,14.43
2025-06-14,2658,18,15.14
2025-06-15,2579,25,16.29
2025-06-16,2748,17,16.29
2025-06-17,2761,11,14.86
2025-06-18,2693,17,15.43
2025-06-19,2737,16,16.14
2025-06-20,2619,7,15.86
2025-06-21,2736,17,15.71
2025-06-22,2734,15,14.29
2025-06-23,2762,11,13.43
2025-06-24,2709,20,14.71
2025-06-25,2683,15,14.43
2025-06-26,2748,12,13.86
2025-06-27,2809,11,14.43
2025-06-28,2794,16,14.29
2025-06-29,2668,8,13.29
2025-06-30,2777,18,14.29
2025-07-01,2695,10,12.86
2025-07-02,2688,12,12.43
2025-07-03,2677,15,12.86
2025-07-04,2754,12,13.0
2025-07-05,2804,19,13.43
2025-07-06,2848,15,14.43
2025-07-07,2706,13,13.71
2025-07-08,2676,17,14.71
2025-07-09,2703,19,15.71
2025-07-10,2793,14,15.57
2025-07-11,2813,19,16.57
2025-07-12,2761,14,15.86
2025-07-13,2795,10,15.14
2025-07-14,2680,7,14.29
2025-07-15,2730,16,14.14
2025-07-16,2897,17,13.86
2025-07-17,2803,17,14.29
2025-07-18,2763,17,14.0
2025-07-19,2652,14,14.0
2025-07-20,2741,13,14.43
2025-07-21,2635,9,14.71
2025-07-22,2774,17,14.86
2025-07-23,2720,13,14.29
2025-07-24,2688,15,14.0
2025-07-25,2752,15,13.71
2025-07-26,2748,18,14.29
2025-07-27,2704,14,14.43
2025-07-28,2740,15,15.29
2025-07-29,2802,18,15.43
2025-07-30,2691,15,15.71
2025-07-31,2826,16,15.86
2025-08-01,2731,20,16.57
2025-08-02,2727,21,17.0
2025-08-03,2808,14,17.0
2025-08-04,2693,17,17.29
2025-08-05,2820,17,17.14
2025-08-06,2722,10,16.43
2025-08-07,2709,20,17.0
2025-08-08,2699,17,16.57
2025-08-09,2802,21,16.57
2025-08-10,2766,19,17.29
2025-08-11,2792,19,17.57
2025-08-12,2842,17,17.57
2025-08-13,2678,17,18.57
2025-08-14,2769,10,17.14
2025-08-15,2699,13,16.57
2025-08-16,2818,18,16.14
2025-08-17,2677,7,14.43
2025-08-18,2708,21,14.71
2025-08-19,2726,11,13.86
2025-08-20,2612,10,12.86
2025-08-21,2749,9,12.71
2025-08-22,2692,13,12.71
2025-08-23,2728,5,10.86
2025-08-24,2775,13,11.71
2025-08-25,2662,16,11.0
2025-08-26,2695,18,12.0
2025-08-27,2870,16,12.86
2025-08-28,2644,8,12.71
2025-08-29,2703,24,14.29
2025-08-30,2775,21,16.57
2025-08-31,2685,13,16.57
2025-09-01,2685,11,15.86
2025-09-02,2759,20,16.14
2025-09-03,2687,16,16.14
2025-09-04,2768,15,17.14
2025-09-05,2649,11,15.29
2025-09-06,2733,14,14.29
2025-09-07,2832,13,14.29
2025-09-08,2600,13,14.57
2025-09-09,2852,12,13.43
2025-09-10,2735,14,13.14
2025-09-11,2775,15,13.14
2025-09-12,2819,13,13.43
2025-09-13,2768,9,12.71
2025-09-14,2731,15,13.0
2025-09-15,2739,17,13.57
2025-09-16,2693,13,13.71
2025-09-17,2705,21,14.71
2025-09-18,2712,6,13.43
2025-09-19,2834,18,14.14
2025-09-20,2708,13,14.71
2025-09-21,2747,17,15.0
2025-09-22,2715,14,14.57
2025-09-23,2745,13,14.57
2025-09-24,2746,17,14.0
2025-09-25,2777,12,14.86
2025-09-26,2785,21,15.29
2025-09-27,2763,15,15.57
2025-09-28,2764,19,15.86
2025-09-29,2834,12,15.57
2025-09-30,2734,22,16.86
2025-10-01,2794,13,16.29
2025-10-02,2667,12,16.29
2025-10-03,2716,7,14.29
2025-10-04,2789,15,14.29
2025-10-05,2678,12,13.29
2025-10-06,2819,14,13.57
2025-10-07,2687,17,12.86
2025-10-08,2802,13,12.86
2025-10-09,2712,9,12.43
2025-10-10,2750,18,14.0
2025-10-11,2775,18,14.43
2025-10-12,2724,12,14.43
2025-10-13,2785,18,15.0
2025-10-14,2734,20,15.43
2025-10-15,2798,22,16.71
2025-10-16,2849,10,16.86
2025-10-17,2738,16,16.57
2025-10-18,2705,13,15.86
2025-10-19,2674,12,15.86
2025-10-20,2791,15,15.43
2025-10-21,2752,19,15.29
2025-10-22,2765,13,14.0
2025-10-23,2664,19,15.29
2025-10-24,2705,16,15.29
2025-10-25,2758,12,15.14
2025-10-26,2698,13,15.29
2025-10-27,2750,15,15.29
2025-10-28,2720,17,15.0
2025-10-29,2676,6,14.0
2025-10-30,2756,8,12.43
2025-10-31,2674,19,12.86
2025-11-01,2760,15,13.29
2025-11-02,2795,21,14.43
2025-11-03,2669,9,13.57
2025-11-04,2744,15,13.29
2025-11-05,2763,6,13.29
2025-11-06,2604,11,13.71
2025-11-07,2762,19,13.71
2025-11-08,2730,19,14.29
2025-11-09,2673,9,12.57
2025-11-10,2760,17,13.71
2025-11-11,2720,17,14.0
2025-11-12,2714,15,15.29
2025-11-13,2782,19,16.43
2025-11-14,2761,16,16.0
2025-11-15,2755,16,15.57
2025-11-16,2709,13,16.14
2025-11-17,2735,2,14.0
2025-11-18,2618,15,13.71
2025-11-19,2673,20,14.43
2025-11-20,2720,14,13.71
2025-11-21,2612,15,13.57
2025-11-22,2833,19,14.0
2025-11-23,2726,12,13.86
2025-11-24,2740,11,15.14
2025-11-25,2710,16,15.29
2025-11-26,2751,18,15.0
2025-11-27,2743,8,14.14
2025-11-28,2724,14,14.0
2025-11-29,2712,14,13.29
2025-11-30,2680,19,14.29
2025-12-01,2795,18,15.29
2025-12-02,2794,12,14.71
2025-12-03,2732,14,14.14
2025-12-04,2781,17,15.43
2025-12-05,2656,13,15.29
2025-12-06,2657,13,15.14
2025-12-07,2777,15,14.57
2025-12-08,2764,18,14.57
2025-12-09,2661,13,14.71
2025-12-10,2756,14,14.71
2025-12-11,2779,9,13.57
2025-12-12,2719,14,13.71
2025-12-13,2763,19,14.57
2025-12-14,2736,15,14.57
2025-12-15,2793,12,13.71
2025-12-16,2705,17,14.29
2025-12-17,2772,12,14.0
2025-12-18,2796,12,14.43
2025-12-19,2781,13,14.29
2025-12-20,2744,10,13.0
2025-12-21,2708,16,13.14
2025-12-22,2745,20,14.29
2025-12-23,2665,10,13.29
2025-12-24,2852,21,14.57
2025-12-25,2717,16,15.14
2025-12-26,2675,14,15.29
2025-12-27,2806,14,15.86
2025-12-28,2737,11,15.14
2025-12-29,2812,10,13.71
2025-12-30,2718,20,15.14
2025-12-31,2680,13,14.0
